delta_id	classification	upstream_owner	evidence	contribution_note
canonical:stock-team-elimination	headless-policy	melee/gm/gm_16AE.c::{gm_GetFFAOutcome,gm_GetTeamBattleOutcome};runtime/match.c	Source counts surviving players or teams; native scalar callbacks and scripted full doubles stockout regression	Fix headless terminal projection that ended doubles on one player's elimination; no change to source stock sharing or respawn.
historical-patch:0037-falco-battlefield-stadium.patch	source-expansion	multiple	pinned upstream source	Imports the Phase 5 owner closure; no upstream behavior change.
historical-patch:0038-stage-headless-ownership.patch	headless-policy	melee/gr/ground.c;melee/gr/grpstadium.c	Phase 5 headless scheduler boundary	Port-local presentation and scheduler policy; not an upstream candidate.
historical-patch:0039-hosted-stage-animation-search.patch	hosted-portability	melee/gr/granime.c	portable replacement for PPC setjmp register-image traversal	Port-local hosted implementation; upstream PPC source remains authoritative.
historical-patch:0040-stage-presentation-particles.patch	headless-policy	melee/gr/grlib.c	presentation-only generator exclusion	Port-local headless exclusion; not an upstream candidate.
historical-patch:0041-capture-wait-floor-owner.patch	upstream-candidate	melee/ft/chara/ftCommon/ftCo_Attack100.c	GALE01 0x800DBA8C installs fn_800DBAC4 -> fn_800DBBF8	Current nonmatching C delegates to CapturePulledHi and changes the floor-handoff state; suitable for an isolated upstream correction with matching work.
historical-patch:0042-shield-contact-float-exactness.patch	hosted-exactness	melee/lb/lbcollision.c	GALE01 0x80007900..0x80007AC0 scalar-single operation boundaries	The MWCC build already emits the retail operations; explicit intrinsics are needed only by the hosted compiler.
historical-patch:0043-damage-color-animation-owner.patch	upstream-candidate	melee/ft/chara/ftCommon/ftCo_Damage.c	GALE01 0x8008E1A0..0x8008E228	Corrects transposed nonmatching-C arguments; suitable for an isolated upstream correction with matching work.
historical-patch:0044-portable-item-command-halfwords.patch	hosted-portability	melee/it/itanimlist.c	native DAT command words retain PPC byte order	Little-endian hosted decoding only; upstream PPC source is already correct.
historical-patch:0045-ground-shield-knockback-fmadds.patch	hosted-exactness	melee/ft/fighter.c	GALE01 0x8006D8D8 scalar-single fmadds	MWCC naturally contracts the source expression; the explicit intrinsic preserves that boundary in hosted builds.
historical-patch:0046-guard-pose-float-exactness.patch	hosted-exactness	melee/lb/lb_00B0.c;melee/ft/chara/ftCommon/ftCo_Guard.c	GALE01 0x8000C4B4..0x8000C528;0x8000C898..0x8000C910;0x80091BC4..0x80091D40	MWCC naturally emits the retail scalar-single fmadds; explicit intrinsics preserve guard-pose and shield-size rounding in hosted builds.
historical-patch:0047-ftcoll-damage-effect-argument-order.patch	upstream-candidate	melee/ft/ftcoll.c	GALE01 0x8007A170..0x8007A204;0x8007A428..0x8007A4B8;0x80078538..0x80078618	Corrects transposed integer/floating ABI arguments at both DmgLog normal-effect callsites; suitable for an isolated upstream correction with matching work.
canonical:remaining-stage-source-import	source-expansion	melee/gr/{grizumi.c,groldpupupu.c,grstory.c,grzakogenerator.c};melee/it/{itzako.c,items/itfoods.c,items/itfreeze.c,items/itheiho.c}	pinned upstream source plus nine complete Fox/Falco legal-stage replay streams	Imports the reached FoD, Dream Land, Yoshi's Story, Randall, Whispy, and ambient-stage-item owners; no upstream behavior change.
canonical:remaining-stage-headless-policy	headless-policy	melee/gr/{grizumi.c,groldpupupu.c,grstory.c};melee/it/itzako.c	gameplay call-graph audit and exact PPC/native replay gates	Excludes EFB reflection, particles, audio, and result bookkeeping while retaining collision, wind, stage-item, and scheduler state; port-local and not an upstream candidate.
canonical:slippi-stage-event-publication	hosted-replay-policy	melee/gr/{grizumi.c,groldpupupu.c}	Slippi 3.18+ Fountain and Dream Land event protocols	Recorded stage values publish at their source callback epilogues: Fountain platform height at grIzumi_801CC358 and Dream Land xDC at grOldPupupu_802113E0 (SendDreamlandInfo 0x80211BF8). Source timers, animations, RNG and wind-force emitters continue running; scalar pre-frame publication and synthetic Whispy timer/emitter state are deleted.
canonical:fod-groundvars-union-owner	hosted-portability	melee/gr/grizumi.c	retail gp+0xDC union alias plus native/PPC ParallelTemptingElk differential	Names the actual izumi3 field on 64-bit hosts because widened pointers break the source izumi2 alias; PPC behavior is unchanged.
canonical:capture-wait-lw-floor-owner	upstream-candidate	melee/ft/chara/ftCommon/ftCo_Attack100.c	GALE01 0x800DBE9C wrapper and fn_800DBED4 continuation	Replaces the nonmatching C delegation to CapturePulledLw with the Wait-family floor wrapper; suitable for an isolated upstream correction with matching work.
canonical:headless-render-matrix-publication	headless-policy	melee/ft/ftdrawcommon.c;melee/it/itdraw.c;sysdolphin/baselib/jobj.c	PhysicalElectricCapybara contact gate and retail post-frame render order	Publishes lazy fighter/item JObj matrices without GX/DObj drawing so next-frame collision sees the retail lifecycle boundary; port-local headless scheduler policy.
canonical:marth-source-import	source-expansion	melee/ft/chara/ftMars/{ftMs_Init.c,ftMs_SpecialHi.c,ftMs_SpecialLw.c,ftMs_SpecialN.c,ftMs_SpecialS.c}	pinned upstream matching source plus nineteen complete Marth replay streams	Imports the complete Marth lifecycle and special-state owners; no upstream behavior change.
canonical:marth-hosted-registry	headless-policy	melee/ft/ftdata.c	matching upstream registry rows and native/PPC Marth gate	Publishes only admitted Fox, Falco, and Marth rows in the hosted registry so unsupported fighters do not retain unrelated call graphs; port-local domain projection.
canonical:marth-specialhi-fused-velocity	hosted-exactness	melee/ft/ft_084E.c	GALE01 0x80085198..0x8008519C fmsubs/fmadds plus Marth SpecialHi replay gate	MWCC naturally emits the retail operations; explicit intrinsics preserve the boundary in hosted builds.
canonical:grab-timer-fmadds	hosted-exactness	melee/ft/chara/ftCommon/ftCo_Attack100.c	GALE01 0x800DA8B8..0x800DA8C0 and 0x800DA9CC..0x800DA9D4 fmadds plus complete capture replay gates	MWCC naturally emits the retail grab-timer operations; explicit intrinsics preserve capture release timing in hosted builds.
canonical:captain-source-import	source-expansion	melee/ft/chara/ftCaptain/{ftCa_Init.c,ftCa_SpecialHi.c,ftCa_SpecialLw.c,ftCa_SpecialN.c,ftCa_SpecialS.c}	pinned upstream matching source plus nineteen complete supported-opponent Falcon replay streams	Imports the complete Captain Falcon lifecycle, special-state, and Falcon Dive capture/release owners; no upstream behavior change.
canonical:captain-hosted-registry	headless-policy	melee/ft/ftdata.c	matching upstream registry rows and complete native/PPC Falcon gate	Publishes the admitted Captain Falcon callback rows without retaining unrelated unsupported fighter call graphs; port-local domain projection.
canonical:native-command-address-space	hosted-portability	platform/native_dat.c	PlCa.dat shared command suffixes reached by AttackS4 and Falcon specials	Mirrors each archive's four-byte command-word address space into widened native CmdUnion slots so sequential cursors and interior relocation targets preserve source topology; upstream PPC archives need no change.
canonical:versus-respawn-reservations	source-completion	runtime/match.c	melee/gm/gm_1601.c::{fn_8016719C,fn_8016758C,fn_80167638}; main.dol::lbl_803B7A44	Projects the retail six-slot respawn reservation timer, character owner, and stage-dependent offset into explicit match state; the pinned decomp source is already correct.
canonical:sheik-zelda-source-import	source-expansion	melee/ft/chara/{ftSeak,ftZelda};melee/it/items/{itseakchain.c,itseakneedleheld.c,itseakneedlethrown.c,itseakvanish.c,itzeldadinfire.c,itzeldadinfireexplode.c}	pinned upstream matching source plus complete Sheik/Zelda replay streams	Imports the complete reached transformation, special-state, and character-article owners; no upstream behavior change.
canonical:sheik-zelda-hosted-registry	headless-policy	melee/ft/ftdata.c;runtime/items.c	matching upstream registry rows and complete native/PPC transformation gates	Publishes only admitted fighter and article callback rows while retaining the full Sheik/Zelda transformation pair; port-local domain projection.
canonical:character-mapping-owner	upstream-candidate	melee/pl/player.c	ftMapping_list symbol and five consumers in pinned nonmatching C	Replaces a filename-label/linker-layout alias with the actual source-owned character mapping; suitable for isolated upstream correction and matching work.
canonical:native-item-command-endian	hosted-portability	melee/it/itanimlist.c	native DAT command words retain authored PPC byte order	Decodes reached item commands from their explicit big-endian words because native compiler bitfield overlays are not a reliable source representation; PPC behavior is unchanged.
canonical:native-transformation-dat	hosted-portability	platform/native_dat.c	Sheik/Zelda fighter and article archive graphs plus complete native replay gates	Translates and preloads both transformation halves and their reached article attributes into fixed native arenas during initialization; upstream PPC archives need no change.
canonical:fighter-pre-replay-rng	hosted-replay-policy	melee/ft/fighter.c::Fighter_Spaghetti_8006AD10;platform/slippi.c	SendFrameStart.s and SendGamePreFrame.asm source scheduler observations	Replays the recorded RNG stream at its fighter-pre source boundary after earlier callbacks; ordinary free-running steps never enter this policy path.
canonical:chain-preassignment-zero	headless-policy	melee/it/items/itseakchain.c::itSeakChain_Spawn	constructor reads x18 before it_802BC080 first assigns it	Makes the headless fixed-pool lane deterministic; the classified preassignment Slippi byte is allocator residue and later gameplay-owned values remain exact.
canonical:item-damage-knockback-fmadds	hosted-exactness	melee/it/itcoll.c	GALE01 0x80270D38..0x80270D64;0x80270DEC..0x80270E0C;0x80270EF0..0x80270F18;0x80270FA0..0x80270FB0	MWCC naturally emits the retail scalar-single fmadds; the explicit helper preserves item launch rounding in hosted builds.
canonical:stopwall-fnmsubs	hosted-exactness	melee/ft/chara/ftCommon/ftCo_StopWall.c	GALE01 0x8009EED4..0x8009EEDC	MWCC naturally emits the retail scalar-single fnmsubs; the explicit intrinsic preserves wall-stop position rounding in hosted builds.
canonical:left-wall-candidate-count	upstream-candidate	melee/mp/mpcoll.c::mpColl_80049EAC_LeftWall	GALE01 0x8004A3C0 loads mpColl_804D648C	Corrects the pinned nonmatching C's adjacent right-wall count, restoring left-wall projection when no right-wall candidate exists; suitable for isolated upstream correction and matching work.
canonical:grab-pair-damage-predicate	upstream-candidate	melee/ft/chara/ftCommon/ftCo_Damage.c::inlineB0	GALE01 0x8008EE60..0x8008EEA8;0x8008F270..0x8008F2C4	Corrects the pinned nonmatching C's inverted zero-knockback comparison so simultaneous hits on a grab pair enter the retail damage/release path; suitable for isolated upstream correction and matching work.
canonical:ground-ik-source-completion	source-completion	melee/lb/lbbgflash.c::{fn_80020AEC,lbBgFlash_80020E38,fn_8002113C,lbBgFlash_80021410}	pinned upstream source plus retail collision probe and complete doubles replay gates	Promotes the gameplay-relevant ground-IK slice that the earlier headless port misclassified as background-flash presentation; upstream source is already correct.
canonical:per-replay-ucf-profile	hosted-replay-policy	platform/platform_state.c;tools/validation/suite_io.py	refs/slippi-ssbm-asm UCF 0.84 and Cardinals 1.0 patch families	Carries Cardinals, Shield SDI, and SDI enablement independently from replay metadata so old vanilla/UCF streams enter their recorded source gates.
canonical:puff-source-import	source-expansion	melee/ft/chara/ftPurin/{ftPr_Init.c,ftPr_SpecialHi.c,ftPr_SpecialLw.c,ftPr_SpecialN.c,ftPr_SpecialS.c}	pinned upstream matching source plus fifteen complete Puff replay streams	Imports the complete Jigglypuff lifecycle and special-state owners; no upstream gameplay behavior change.
canonical:puff-hosted-registry	headless-policy	melee/ft/ftdata.c	matching upstream registry rows and complete native/PPC Puff gates	Publishes the admitted Jigglypuff callback, motion-state, costume, and data-name rows without retaining unrelated unsupported fighter call graphs.
canonical:puff-native-dat	hosted-portability	platform/native_dat.c;tools/build/{native_dat_types.c,generate_native_dat_layout.py}	PlPr*.dat and EfPrData.dat archive graphs plus complete native Puff replay gates	Translates Puff attributes, fighter roots, costume part descriptors, and effect data into fixed native arenas during initialization; upstream PPC archives need no change.
canonical:puff-costume-hat-exclusion	headless-policy	melee/ft/chara/ftPurin/ftPr_Init.c::ftPr_Init_8013C360	detached costume hat is reached only from Puff display/model callbacks	Excludes the separately allocated presentation-only hat JObj while retaining the ordinary gameplay skeleton and costume model used by pose and collision.
canonical:slippi-dual-pad-observation	hosted-replay-policy	runtime/{wire.h,scalar.c};tools/validation/native.c	refs/slippi-ssbm-asm/Playback/Core/RestoreGameFrame.asm	Carries recorded normalized gameplay axes independently from physical raw bytes so fighter input and UCF's raw pad ring receive the same distinct observations as Slippi playback; normal callers may continue deriving normalized axes from raw input.
canonical:legacy-replay-execution-metadata	hosted-replay-policy	tools/validation/suite_io.py;tools/build/validate_replay.py	Slippi metadata playedOn field and independent UCF Cardinals patch family	Allows old captures with absent metadata to declare their execution environment and per-replay Cardinals profile once in the suite manifest, without per-frame Python work or gameplay-row inference.
canonical:peach-source-import	source-expansion	melee/ft/chara/ftPeach;melee/it/items/itpeach{explode,parasol,toad,toadspore,turnip}.c	pinned upstream source plus twenty complete Peach replay streams	Imports the complete reached Peach lifecycle, float, smash, special-state, and character-article owners; no upstream gameplay behavior change.
canonical:peach-common-item-import	source-expansion	melee/ft/{ft_0CD1.c,ft_0CD3.c};melee/it/items/{itbombhei.c,itdosei.c,itharisen.c,itsword.c}	Peach rare-pull and Beam Sword replay gates	Imports complete common-item/swing owner families reached by Bob-omb, Mr. Saturn, Beam Sword, and Parasol behavior rather than substituting simplified articles.
canonical:peach-hosted-registry	headless-policy	melee/ft/ftdata.c;runtime/items.c	matching upstream fighter/article registry rows and complete Peach replay gates	Publishes admitted Peach fighter and character/common-item callback rows while retaining presentation exclusions outside the supported gameplay call graph.
canonical:peach-native-dat	hosted-portability	platform/native_dat.c;tools/build/{native_dat_types.c,generate_native_dat_layout.py}	PlPe*.dat, Peach article graphs, and ItCo.dat rare-pull articles	Translates Peach fighter/costume/article roots and the required common-item article/attribute graphs into fixed native arenas during initialization; upstream PPC archives need no change.
canonical:itemthrow-motion-source-words	hosted-portability	melee/ft/chara/ftCommon/types.h::ftCommon_MotionVars::itemthrow	retail fp+0x2358/fp+0x235C/fp+0x2360 layout and shield item-throw replay gate	Keeps the two opaque pre-timer lanes at their source 32-bit widths so native pointer widening cannot shift the shared dash-throw timer; PPC behavior is unchanged.
canonical:peach-turnip-owner-source-pointer	hosted-portability	melee/it/itCharItems.h::itPeachTurnip_ItemVars;melee/it/items/itpeachturnip.c;runtime/context.c	retail ip+0xDE4 owner word and ip+0xDE8 Bob-omb scale lane	Preserves the source-width union and following common-item overlay while a relocatable Match side slot owns the native full-width pointer; Match arenas therefore need no low-address constraint and PPC behavior is unchanged.
canonical:dosei-generic-byte-ownership	headless-policy	tools/validation/native.c;melee/it/items/itdosei.c;refs/slippi-ssbm-asm/Recording/SendItemInfo.s	Mr. Saturn held/thrown callbacks do not initialize xDE4	Excludes only generic Slippi xDEB/xDEF samples in item states where the source does not uniformly own xDE4; states that publish and consume the historical-position vector remain strict.
canonical:mutable-source-context-ownership	hosted-architecture	melee/{cm,ft,gr,it,mp,pl};sysdolphin/baselib;runtime/{context.c,source_state.h}	complete 153-replay output locks plus two-match isolation/reset/copy/savestate gates	Moves reached mutable source globals into explicit GameData or MatchState ownership behind a scoped thread-local compatibility binding; source scheduler and gameplay algorithms are unchanged, and upstream PPC globals remain authoritative.
canonical:generated-match-pointer-relocation	hosted-architecture	runtime/{relocation.c,relocation_types.def,savestate.c};tools/build/generate_match_reloc_layout.py	DWARF-derived pointer-field layout plus exact continuation after arbitrary cross-match restore	Compacts initialization-time typed allocation ownership into exact offset records with runtime alloc/free type transitions, so complete same-build match images can move without raw-word scanning or a large embedded registry; this is port-local runtime ownership rather than an upstream gameplay change.
canonical:wasm-command-field-layout	hosted-portability	melee/{ft/ftaction.c,it/itanimlist.c,lb/lbcommand.c,lb/lbspdisplay.c};tools/build/generate_command_accessors.py	PPC-authored action and color-command bytes compiled under wasm32 and native x86-64	Mechanically generated accessors decode CmdUnion and ColorOverlay_x8_t fields from the authored byte layout while direct source fields remain unchanged on PPC; upstream PPC bitfield overlays need no change.
canonical:hosted-ground-ik-stack-slot	hosted-portability	melee/ft/ft_0899.c::ft_80089B08	matching source sp1C[-1] MWCC stack-layout expression and wasm32 Puff bootstrap	Names the intended volatile line-length result on hosted targets because Wasm places the fighter pointer in the matching-source stack alias; the original stack-slot expression remains intact for PPC.
canonical:wasm-presentation-stub-signatures	headless-policy	stubs/headless_exclusions.c;melee/db/dbitem.c	wasm32 strict direct/indirect-call signature validation	Gives reached presentation, debug, audio, rumble, and particle-bank no-ops their source-accurate prototypes; excluded behavior is unchanged and the delta is not an upstream candidate.
canonical:bounded-wasm-platform-ownership	hosted-portability	platform/{files.c,memory.c,native_dat.c};runtime/context.c	Node native/wasm state digest differential and no-growth lifetime smoke	Uses initialization-bounded linear-memory arenas and in-module preloaded files while retaining the same canonical gameplay source and initialization-time DAT translation; upstream console platform ownership is unchanged.
canonical:persistent-native-validation-workers	hosted-tooling	runtime/main.c::run_server;tools/validation/native.c;tools/build/validate_replay.py	153-replay output locks and lifecycle benchmark	Keeps one immutable GameData and resettable match allocation alive per validation worker, eliminating per-replay DAT translation without changing the replay-authority wire or PPC oracle path; this is port-local validation infrastructure.
canonical:native-image-savestate-relocation	hosted-architecture	runtime/{savestate.c,relocation_ambiguities.tsv}	same-build callback/static-table ownership plus arbitrary cross-match continuation	Rebases typed callbacks, HSD descriptors, and compile-time table pointers by the containing ELF image load bias so native checkpoints do not depend on the originating process ASLR address; PPC fixed images and Wasm table indices remain unchanged.
canonical:headless-osreport-exclusion	headless-policy	platform/os_report.c;stubs/ledger.tsv	allocation/logging-free normal reset and step contract	Suppresses retail diagnostic-only OSReport formatting in the headless runtime while retaining loud fatal panic paths; upstream gameplay behavior and state are unchanged.
canonical:per-match-fighter-data-registry	hosted-architecture	melee/ft/ft_0852.c;runtime/{context.c,source_state.h}	immutable GameData byte lock plus interleaved/reset/copy/savestate gates	Keeps source gFtDataList mutable per match while archive catalogs and translated ftData remain shared immutable GameData; upstream PPC globals remain authoritative.
canonical:wasm-relocation-layout-dependency	hosted-tooling	Makefile;tools/build/generate_match_reloc_layout.py	wasm32 cross-match restore after MatchState layout change	Tracks the host-generated wasm32 relocation schema dependencies so source context layout changes regenerate its typed pointer map; runtime gameplay behavior is unchanged.
canonical:bounded-source-object-pools	hosted-architecture	sysdolphin/baselib/{objalloc.c,objalloc.h};runtime/{relocation.c,scalar.c}	complete supported-domain construction census, runtime allocation lock, and 153-replay output locks	Sizes initialization-only source pools independently from observed/source-backed high-water owners and emits exactly sized relocation metadata with bounded class-split headroom; upstream allocators and gameplay behavior are unchanged.
canonical:frozen-stadium-transform-scratch	headless-policy	melee/gr/grpstadium.c::grStadium_801D13E0	grStadium_801D1518 hosted frozen-stage transformation exclusion and six-stage validation gates	Does not allocate the 320 KiB transformation DVD scratch buffer when the hosted frozen Stadium owner excludes every transformation loader and consumer; upstream transforming Stadium behavior is unchanged.
canonical:contiguous-batch-match-storage	hosted-architecture	platform/memory.c;runtime/batch.c	4,096-Match resident lifecycle and arbitrary-index restore gate	Binds fixed Match slices from one batch-owned virtual mapping and clones identical initialized configs through typed relocation, eliminating per-Match mmap and repeated DAT construction without changing source gameplay ownership.
canonical:class-split-tail-relocation	hosted-architecture	sysdolphin/baselib/class.c::hsdAllocMemPiece;runtime/{relocation.c,savestate.c}	repeated replay-config cloning plus arbitrary cross-match restore	Registers the source allocator's newly split free-list tails as intrusive first-pointer subobjects because those tails bypass hsdFreeMemPiece; PPC source allocation behavior is unchanged.
canonical:tiled-gobj-source-scheduler	hosted-architecture	sysdolphin/baselib/{gobj.c,gobj.h};runtime/scalar.c;runtime/batch.c	full 153-replay output locks and resident batch digests	Exposes the existing hosted GObj priority/invocation boundaries so a cache tile can group neighboring Matches by exact imported callback identity while preserving every Match's source order and deterministic lane order; upstream PPC retains HSD_GObj_80390CFC unchanged.
canonical:gameplay-pose-admission	hosted-architecture	melee/ft/{fighter.c,ftanim.c,ftparts.c};melee/lb/lbanim.c;sysdolphin/baselib/jobj.c	GALE01 hit/hurt/contact descriptors, ECB/IK/dynamics chains, capture/throw/article anchors, supported character callsites, all-costume structural smoke, and full 153-replay output locks	Uses one immutable ancestor-closed table at the fighter-parts owner to omit presentation-only native/Wasm JObj and DObj/MObj/PObj construction, attachment, interpretation, and publication. Every supported costume is checked for identical source topology, valid part ids, live-instance targets, and meaningful cold removal; source-indexed FighterBone/FigaTree walks remain aligned, and upstream PPC animation ownership always retains the complete graph through compile-time target ownership.
canonical:native-fighter-archive-scratch-exclusion	hosted-architecture	melee/ft/{fighter.c,ftdata.c}	ftData_80085CD8/ftData_80085E50 native immutable-subarchive translation plus supported-domain runtime census	Does not create retail's two 32 KiB ARAM/file scratch buffers per hosted fighter because native animation translation reads the immutable shared subarchive directly; the unsupported Nana scratch-sharing path and PPC source allocation remain unchanged.
canonical:stage-sized-collision-pools	hosted-architecture	melee/mp/mplib.c	extracted supported-stage DAT counts, map-collision smoke, savestate continuation, and complete replay output locks	Sizes hosted CollVtx/CollLine/CollJoint owners to the selected stage topology rather than retail's one-global-arena disc maxima while preserving source record layouts, ids, mutation, and query order; PPC retains the original ceilings.
canonical:fd-static-ground-epoch	headless-policy	runtime/scalar.c;melee/gr/ground.c	Final Destination extracted static collision topology; grLast source controller owns animated maps 3..9	Geometry-only maps 0..2 publish their collision epochs without presentation animation walks; the source background actors retain animation completion, color commands, creation/destruction and priority-4 callbacks.
canonical:resident-source-scheduler	hosted-architecture	runtime/scalar.c;runtime/batch.c	source HSD_GObj_80390CFC order, production digests, and complete replay output locks	Keeps one hosted Match context resident through its complete scalar source scheduler until a real complete-owner cross-environment kernel exists; removes generic scalar callback interleaving from the production path without changing source proc order.
canonical:headless-dobj-animation-exclusion	headless-policy	sysdolphin/baselib/jobj.c	source JObj/AObj/RObj versus DObj/MObj/PObj ownership plus complete replay output locks	Omits renderable geometry/material animation dispatch from hosted JObj gameplay animation while retaining joint animation, constraints, matrices, hit/hurt owners, and the complete PPC source path; null AObj/RObj owners are not dispatched.
canonical:reached-headless-display-cpu-cull	headless-policy	runtime/scalar.c;melee/cm/camera.c	source DObj display gate, Slippi FreezeDeadUpFallPhysics capability, human-only controller admission, and complete replay output locks	Deletes the now-empty three-pass fighter display traversal after hosted DObj removal and the unconsumed DeadUp camera-copy/result-stat owners under Slippi playback while retaining item matrix publication, gameplay camera state, hurt capsules, and the PPC source path. The former runtime/ftco_0A01.c CPU-targeting-box cull is retired: the verbatim upstream TU now runs the reduction because Nana consumes the CPU input path.
canonical:direct-bound-source-context	hosted-architecture	melee/{ft,gr,it,mp,pl};sysdolphin/baselib;runtime/{context.c,context.h}	complete 153-replay output locks plus native/Wasm API and save-restore gates	Publishes already-bound Match/GameData owner pointers directly to native imported-source aliases, eliminating out-of-line compatibility accessor calls while preserving one bind per Match, source scheduler order, and upstream PPC globals.
canonical:reached-class-storage	hosted-architecture	sysdolphin/baselib/class.c;runtime/scalar.c	supported-domain runtime census, sealed allocation lock, complete replay output locks, native/Wasm save-restore gates	Reserves native source-class free-list headroom only for size classes reached during Match construction, retaining measured transient JObj capacity while deleting generic unused slabs and metadata from every environment; PPC allocation remains unchanged.
canonical:source-item-pool-capacity	hosted-architecture	melee/it/item.c;sysdolphin/baselib/class.c;runtime/scalar.c	Item_802674AC category assignment, Item_8026784C source ItCo.dat limits, Peach article joint graphs, scripted pull/throw regression	Reserves runtime Item/DynamicBone objects from the 80-character/40-common source limits instead of the 15 public observation slots; Peach's reached JObj size class receives source-bounded article headroom during initialization, preserving sealed gameplay arenas and ordinary source allocation/free behavior.
canonical:compact-fighter-pose	hosted-architecture	runtime/fighter_pose.c;melee/ft/{fighter.c,ftanim.c,ftparts.c};melee/lb/{lb_00B0.c,lbcollision.c};sysdolphin/baselib/jobj.c	live translated Figa/HSD animation streams, exact parent-first scheduler order, supported-domain output locks, arbitrary-index save/restore, and native/Wasm digests	Replaces hosted fighter AObj/FObj lifecycle and global ancestry-scanning animation traversal with Match-owned compact track state and contiguous topology, publishes root translation and gameplay point geometry directly through the one canonical JObj SRT/matrix representation, and retains source HSD matrix arithmetic for dirty and procedural-special joints; upstream PPC owners are unchanged.
canonical:luigi-source-import	source-expansion	melee/ft/chara/ftLuigi/{ftLg_Init.c,ftLg_SpecialHi.c,ftLg_SpecialLw.c,ftLg_SpecialN.c,ftLg_SpecialS.c};melee/it/items/itluigifireball.c	pinned upstream matching source	Imports the complete Luigi lifecycle, special-state, misfire, and fireball-article owners; no upstream gameplay behavior change.
canonical:luigi-hosted-registry	headless-policy	melee/ft/ftdata.c;runtime/items.c;melee/ft/ftparts.c	matching upstream fighter/article registry rows	Publishes the admitted Luigi callback, motion-state, costume, and fireball logic rows; the part-admission row is a full superset pending a per-joint audit.
canonical:luigi-native-dat	hosted-portability	platform/native_dat.c;runtime/effects.c;tools/build/{native_dat_types.c,generate_native_dat_layout.py}	PlLg*.dat and EfLgData.dat archive graphs	Translates Luigi fighter/costume/fireball-article roots and loads effect bank 18 for generator RNG parity during initialization; upstream PPC archives need no change.
canonical:dashback-friction-fmadds	hosted-exactness	melee/ft/chara/ftCommon/ftCo_Dash.c	GALE01 0x800CA518..0x800CA51C fneg+fmadds; interpreter FPR probe on master-master frame 2783 (x54=0.75, FoD friction multiplier 1.5)	MWCC folds the dash-back velocity update into one fmadds; separate rounding of -temp_f0*friction shifts every dash-back turn on non-power-of-two friction ground by ULPs.
canonical:guard-slide-fmadds	hosted-exactness	melee/ft/chara/ftCommon/ftCo_Guard.c	GALE01 0x800932B8/0x800932CC and 0x80093334/0x80093348 fmadds; gm-falco frame 6054 lane trace (FD floor normal.y=0x3f7fffff)	MWCC applies both shield-slide components with one scalar-single fmadds each; ground normals are inexact so separate rounding of normal*scl shifts every shield slide by ULPs.
canonical:mp-line-intersection-fmadd	hosted-exactness	melee/mp/mplib.c	GALE01 0x8004EBA4/0x8004EBA8, 0x8004ECF4, 0x80050164, 0x8004DD30..0x8004DD3C double-precision fmadd	MWCC fuses the intersection-point and remap interpolations on fdiv-derived weights; the hosted build otherwise rounds the double products before accumulating.
canonical:mp-ecb-wall-fmadds	hosted-exactness	melee/mp/mpcoll.c	GALE01 0x800458F8/0x80045924/0x800459FC/0x80045A28 and sibling wall sweeps, scalar-single fmadds	MWCC interpolates the ECB edge against wall vertices with one fmadds on the fdivs-derived slope; sixteen sweep sites share the boundary via MSL_MP_ECB_FMADDS.
canonical:item-victim-bounce-fmadds	hosted-exactness	melee/it/it_2725.c	GALE01 0x80272DD8 fmadds; auto-luigi turnip frame 4440 item trace (0x3fbd90d0 vs 0x3fbd90d1)	MWCC folds the victim-bounce vertical velocity (vel.y * x5C + x60) into one scalar-single fmadds; separate rounding shifts every bounced projectile launch by ULPs.
canonical:clank-rebound-fmadds	hosted-exactness	melee/ft/ftcoll.c;melee/ft/chara/ftCommon/ftCo_Rebound.c	GALE01 0x80076B14/0x80076C50/0x80077AE8 and 0x80099DFC fmadds; medium-fox frame 5401 rebound-rate trace (x191C 0x41066666 vs 0x41066667)	MWCC folds the clank rebound damage (int_dmg*x3D0+x3D4) and slide (x191C*x3D8+x3DC) into scalar-single fmadds; the separate multiply shifts the rebound anim rate across an integer action_frame boundary.
canonical:kb-decay-gekko-sqrtf	hosted-exactness	melee/ft/fighter.c;MSL/math_ppc.h	GALE01 0x8006B948..0x8006B988 frsqrte + three fused Newton steps at both knockback decay magnitude sites	MWCC inlines sqrtf via the Gekko frsqrte seed; libc sqrtf is correctly rounded and can flip the knife-edge decay zero clamp. Validation-neutral on current corpora; closes the documented libc-sqrtf gap for these sites.
canonical:mario-doc-source-import	source-expansion	melee/ft/chara/ftMario/{ftMr_Init.c,ftMr_SpecialHi.c,ftMr_SpecialLw.c,ftMr_SpecialN.c,ftMr_SpecialS.c,ftMr_Strings.c};melee/ft/chara/ftDrMario/{ftDr_Init.c,ftDr_AppealS.c};melee/it/items/{itmariofireball.c,itmariocape.c,itdrmariopill.c}	pinned upstream matching source	Imports the complete Mario and Dr. Mario lifecycle, special-state, cape, tornado, fireball, and pill owners; ftMr_Init.h's aux_states_count becomes an enum constant for hosted C array sizing with no behavior change.
canonical:mario-doc-hosted-registry	headless-policy	melee/ft/ftdata.c;runtime/items.c;melee/ft/ftparts.c	matching upstream fighter/article registry rows; tools/build/derive_gameplay_parts_mask.py reproduces the audited Luigi part row bit-exactly	Publishes the admitted Mario/Dr. Mario callback, motion-state, costume, and item logic rows; part-admission rows are derived from PlCo/Pl* data (canonical transfer plus hurtbox, dynamics, model-anchor, shield, and effect-cycle bones, ancestor-closed).
canonical:mario-doc-native-dat	hosted-portability	platform/native_dat.{c,h};runtime/effects.c;runtime/fighter_pose.h;tools/build/{native_dat_types.c,generate_native_dat_layout.py}	PlMr*.dat, PlDr*.dat, and EfMrData.dat archive graphs; ftDr_Init.c reads sa->x14 at the ftMario_DatAttrs cape_kind offset	Translates Mario/Dr. Mario fighter/costume/article roots (Doc's ext-attrs use the Mario layout that ftDrMarioAttributes partially aliases), loads shared effect bank 1, and widens the archive-cache and pose-program capacity headroom for twelve characters.
canonical:fire-impact-model-start-rng	hosted-exactness	runtime/effects.c	retail RNGFRAME delta of 60 draws at the 0x3FD spawn ahead of the DamageFlyRoll HSD_Randf gate; FemaleFarOffSalmon.slpz and puff Game_20260313T121034.slpz become bit-exact	Replays the common fire-impact model 3 frame-zero DPtcl generator initialization (gfx 0x3FD) and the Mario/Doc efAlt generator spawns through the recorded RNG-consumption catalog; retires the former presentation-RNG-phase classifications this consumption explains.
canonical:mp-line-intersection-fmsub	hosted-exactness	melee/mp/mplib.c	GALE01 0x8004EA64/0x8004EA98/0x8004EADC/0x8004EB58/0x8004EB88 double fmsub	Fuses the half-space, determinant, area, and barycentric-numerator accumulations in mpLineIntersection to the retail single-rounding shape; the accept tests sit on these values' zero boundaries at vertex-touching sweeps.
canonical:lbcoll-hit-kernel-fused	hosted-exactness	melee/lb/lbcollision.c	GALE01 lbColl_80006E58 0x80006E80..0x80007744 (37 fmadds/fmsubs), lbColl_80005EBC 0x80005F08..0x80005FB4, lbColl_80005FC0 0x80006008..0x80006088, and the fnmsub rsqrt Newton steps at 0x8000759C/0x800076B4	Fuses the segment-vs-swept-sphere hit kernel, endpoint projections, and both rsqrt Newton chains to retail single-rounding shapes; the grab/hit accept compares sit directly on these distances.
canonical:mtx-inverse-determinant-fused	hosted-exactness	sysdolphin/baselib/mtx.c	GALE01 HSD_MtxInverse 0x8037933C..0x80379578: determinant fmadds/fnmsubs chain (seed m20*(m01*m12)), cofactor fmsubs/fnmsubs with the second product pre-rounded, translate-column fused pairs	HSD_MtxInverse feeds lbColl_80006E58's bone-local hurt radius scaling; unfused cofactors double-round every inverse used by collision and camera.
canonical:lbvector-rotation-fused	hosted-exactness	melee/lb/lbvector.c	GALE01 lbVector_RotateAboutUnitAxis 0x8000D9A4..0x8000DADC (14 fused), lbVector_Rotate 0x8000DC08..0x8000DC58 (axis-1/2/4 first product fused), lbVector_CreateEulerMatrix 0x8000E7F4..0x8000E808, lbVector_Angle dot 0x8000D748/0x8000D750, quintic sin/cos fmsubs+fmadds	The dynamics solver applies these per swinging bone per frame; unfused rotation terms compound chaotically in tail/braid chains (Fox hurtbox 12 grab flips).
canonical:lbspdisplay-dynamics-fused	hosted-exactness	melee/lb/lbspdisplay.c	GALE01 lb_8000FD48 0x8000FFA8/0x8000FFAC, lb_800101C8 0x800102B0..0x80010368, lb_800103D8 0x80010428, lb_8001044C 0x80010AE4..0x80010F3C (9 fused) plus the inline fnmsub sqrt	Bone-dynamics link extrapolation, collider avoidance discriminants, and floor clamps now round exactly as retail; dynamics state is persistent so any per-step drift accumulates.
canonical:quatlib-fused	hosted-exactness	sysdolphin/baselib/quatlib.c	GALE01 HSD_QuatLib_8037EC4C 0x8037EC94..0x8037ECC0 (9 fused), EulerToQuat 0x8037EED0..0x8037EEF0 (4 fused)	The dynamics solver writes every swinging bone's rotation through quat multiply + euler conversion each frame; the fused lanes keep jobj->rotate on retail rounding.
canonical:gekko-sqrtf-fnmsub-newton	hosted-exactness	runtime/ppc_sqrt.c	GALE01 quatlib sqrtf inline 0x8037E758..0x8037E790 and every other inlined copy: fnmsub f0,f4,f0,f2 per Newton step	The process-wide hosted sqrtf previously rounded x*g^2 before the 3.0 subtraction; the fused step matches Gekko's single rounding. Two aggregate ULP tails (StiffLustrousZebra, LankyFreshGorilla) became bit-exact under this sweep.
canonical:psmtxquat-paired-single	hosted-exactness	platform/dolphin_mtx.c	refs/melee/extern/dolphin/src/dolphin/mtx/mtx.c::PSMTXQuat paired-single asm; 33692 frame -123 dynamics probe (mtx 0xbb410067 vs 0xbb410069)	PSMTXQuat now follows the SDK paired-single algorithm: fres estimate plus one Newton step for 2/norm, fused ps_nmsub diagonals, and fused first products on every off-diagonal. Dynamic-bone rotations re-enter gameplay through the quat matrix, so the C_MTXQuat expression diverged 1-2 ULPs per conversion.
canonical:entrygrow-scale-fmadds	hosted-exactness	melee/ft/ft_0C31.c	GALE01 0x800C67AC fmadds off the fdivs entry-grow fraction; 33692 tail-parent world matrix row-1 probe (0x3d2aaaaa vs 0x3d2aaaab)	ftCo_EntryStart_Phys folds the y-only entry-grow scale ramp into one fmadds. The double-rounded product left every body world matrix's y row one ULP low during entry, seeding tail-dynamics chaos.
canonical:dynamics-force-magnitude-return	hosted-portability	melee/lb/lbspdisplay.c;melee/lb/lbspdisplay.h	GALE01 0x800103B8 returns lb_800101C8's f1 (tail bl lbVector_Normalize); dynamics caller 0x80010910 fmr f20,f1	lb_800103B8 fell off a non-void function and relied on the PPC f1 fallthrough; hosted builds returned 0, so queued dynamics-force gusts (hit and special-move wind) never reached the bone solver.
canonical:force-emitter-schedule	headless-policy	runtime/scalar.c;melee/gr/grbattle.c;melee/gr/grlast.c	grBattle_8021A174 and grLast_8021AAB0 end in lb_800115F4	Both supported static stages retain their source priority-4 force-emitter callbacks; the former manual FD proc is deleted with the complete source-controller cutover.
canonical:quatlib-slerp-fused	hosted-exactness	sysdolphin/baselib/quatlib.c;melee/lb/lb_00B0.c::msl_blend_quaternion_batch	GALE01 HSD_QuatLib_8037EF28 0x8037EF6C..0x8037EF94 fmadds dot chain, 0x8037EFFC..0x8037F03C and sibling branches fused output lanes; 33692 frame-16 persisted blend quat (0x3e88f0c8 vs 0x3e88f0c9)	The anim-blend slerp rounds the Y product first, fuses X then Z then W (retail 0x8037EF6C..7C), and fuses each output lane over a pre-rounded fmuls. September 8 retail quaternion tracing corrects the reversed X/Y seed in both scalar and batch copies, closing 17 replays. Blend quaternions persist on untracked bones, so a 1-ULP slerp output kept reseeding tail dynamics frames later.
canonical:ftcoll-clank-gate-return	hosted-portability	melee/ft/ftcoll.c	-Wreturn-type sweep; caller tests ftColl_8007699C_dontinline's r3 fallthrough in the clank gate	The forced-noninline wrapper dropped ftColl_8007699C's bool on hosted compilers while retail forwards it through r3; the clank/rebound gate consumed an undefined value.
canonical:effect-generator-id-base-bound	hosted-portability	runtime/effects.c;runtime/effects.h	EfFxData effFoxDataTable v0x42 header (id base 3000, ids [3000,3011)); guest core backtrace msl_effect_consume_generator_rng(0xBC0) via efSync_Spawn(0x48D) SIGSEGV at 0x1e7c3bd3	Version-0x4x particle command banks index entries by the full generator id with only [id_base, count) present. The bank-split lookup walked off the front of the source command table and crashed the PPC oracle on Fox reflector spawns; the native translation's dense array returned NULL there, and the recorded corpus is bit-exact with those lookups consuming nothing. The id_base bound reproduces that boundary on both backends.
canonical:samus-grapple-attrs-match-scratch	hosted-portability	melee/it/items/itsamusgrapple.c;melee/ft/chara/ftCommon/ftCo_AirCatch.c;melee/ft/chara/ftCommon/ftCo_Attack100.c;runtime/source_state.h	it_802B75FC stores the x34..x58 scaled lanes back into the article's DAT attributes at every grapple spawn (GALE01 0x802B75FC stores through the x4_specialAttributes pointer)	Retail uses the DAT blob as per-console scratch; hosted GameData is immutable and shared across matches, so every attribute access routes through a match-owned mirror seeded from the article (MSL_SAMUS_GRAPPLE_ATTRS / msl_samus_grapple_attrs). The ftCommon tether views alias the same blob (TetherAttributes.pos_x_1 is the x40 scratch lane; retail zair launch velocity -2.035 = -x40 - pos_delta, Dolphin-probe verified), so they read the mirror too.
canonical:samus-grapple-hitbox-field-reads	hosted-portability	melee/it/items/itsamusgrapple.c	it_802B7160 reads damage via (u16*)((u8*)data+2) and hit_grounded via a byte-offset struct view; both alias the big-endian command words scalar_storage_order lays out	clang hosts ignore the storage-order pragma, so the aliasing views decode the wrong bits; the rewrite reads the named bitfields, which are value-identical under GCC/retail layout.
canonical:samus-grapple-dirptr-init	hosted-portability	melee/it/items/itsamusgrapple.c	it_802BA3BC's first constraint branch dereferences dir_ptr before its dir binding (upstream NonMatching TU); MWCC happened to carry &dir in the register	Hosted compilers crash on the uninitialized pointer; ordering the assignment first preserves the retail dataflow.
canonical:samus-dat-attrs-hang-timer	hosted-portability	melee/ft/chara/ftSamus/types.h	ftSs_DatAttrs.+D0 is read as (f32)(s32) by it_802BABB8 (GALE01 0x802BABB8 lwz+cast); upstream declares it UNK_T	The 64-bit DAT translation treats pointer-typed lanes as relocatable addresses, so the UNK_T declaration nulled the raw scalar and every hosted zair wall-hang dropped after zero frames; typing the lane int preserves the retail hang duration.
canonical:msl-trigf-fused-sincos	hosted-exactness	MSL/trigf.c	GALE01 sinf 0x803263D4..0x80326574 / cosf 0x80326240..0x803263D0: fmadds reduction and Horner chains, fnmsubs cos small branch, fnmadds cos odd negation	MWCC naturally contracts the source expressions; explicit intrinsics preserve the retail rounding in hosted builds (the Samus charge-shot launch velocity at angle pi seeded a 1-ULP item-velocity family), and the msl_sincosf_many scalar loop now matches its already-fused AVX512 lane.
canonical:samus-chargeshot-interp-fmadds	hosted-exactness	melee/it/items/itsamuschargeshot.c	GALE01 0x802B57DC/0x802B57F4/0x802B5850 fmadds charge interpolations in it_802B56E4	MWCC naturally contracts the launch speed/damage interpolations; the unfused host xDDC seeded the master-samus 1-ULP launch-velocity island (vel_x = -xDDC exactly at angle pi).
canonical:samus-bombjump-angle-fmadds	hosted-exactness	melee/ft/chara/ftSamus/ftSs_SpecialLw_0.c	GALE01 0x80128B14 fmadds(fneg(x4), value, pi/2) in ftSs_Init_80128AC8	MWCC naturally contracts the bomb-jump boost angle; the unfused host product seeded 1-ULP boost velocities (medium-fox frame 2885 island, gold-peach frame 8046 seed).
canonical:subaction-hitbox-part-admission	headless-policy	melee/ft/ftparts.c;tools/build/derive_gameplay_parts_mask.py	ftAction_8007121C places Create Hitbox capsules via fp->parts[bone].joint; fighter subaction scripts reach raw part ids outside the previously derived admission rows	A cold hitbox part has no world matrix, so its capsule whiffed at the origin (found via Samus bair part-18 14% sweetspot, auto-cptfalcon frame 607); the derive script now admits every Create Hitbox bone reachable from the subaction scripts (Subroutine/Goto-closed, ancestor-closed), regenerating all 12 supported rows and retiring four contact-gate tails outright.
canonical:samus-grapple-rope-fmadds	hosted-exactness	melee/it/items/itsamusgrapple.c	GALE01 0x802B772C blend, 0x802B90B4/0x802B90C0 (and inline copies) gravity fnmsubs/fmadds, and 69 rope projection fmadds across it_802B900C..it_802BA760	MWCC contracts every rope-link projection (dir*spacing+base), the random gravity kicks, and the link-count blend to scalar-single fused ops; the unfused host products seeded the master-peach frame-4117 pos_y island (retired: prefix 4,239 -> 13,076). Behavior-neutral elsewhere (zair dangle spacing is exactly 1.0, making those products exact).
canonical:nana-anim-leader-share-native	hosted-portability	melee/ft/ftdata.c	ftData_80085CD8/ftData_80085E50 leader-share branch memcpys the leader's parsed x59C anim buffer and lbArchiveRelocates it by host address delta	Native builds never materialize x59C; x14 keys the same immutable GameData subarchive for both climbers, so the branch is excluded under MSL_CORE_NATIVE and the ordinary parse path shares the graph through the translation cache; PPC/hosted-nonnative keep the retail copy path
canonical:lb-collider-record-view-host-layout	hosted-portability	melee/lb/lbspdisplay.c	lb_Collider is lb's byte-offset view of Fighter_x1670_t / Item xB6C_t; retail probes at 33692 frame 380 show the solver avoidance rotating 0.1896 rad off collider (-43.64,10.65,0.38) while the padded-offset view read (x14,pos.x,pos.y) at 0x18 with a 0x28 stride	The collider record embeds a JObj pointer, so byte-offset padding misplaced position and the array stride on 64-bit hosts; declaring the mirror with real field types restores the retail layout on every pointer width. Retired dl-fox @5082 tail whiffs and promoted 4 classified replays (sheik MixedAllQuetzal, doubles 20260704T012353, marios medium-fox-2025-12 + silver-fox) to bit-exact.
canonical:dynamics-post-solve-matrix-refresh	hosted-exactness	melee/ft/{fighter.c,ftdynamics.c}	Retail CB40 probes (auto-fox YS 3469, marios 33692 frames 36/313/677) show ftCo_8009CB40's anim-ownership anchor rewrite reading end-of-frame render matrices (solved pose); hosted builds left the last mid-frame pre-solve HSD_JObjSetupMatrix in jobj->mtx	Fighter_8006D9AC is the sole post-solve owner and publishes only links whose canonical JObj dirty state requires rebuilding; seven sensitive locks retain the probed solved-pose rewrites while the redundant pre-solve whole-chain publication is deleted.
canonical:ucf-shield-drop-extended-cardinals-gate	hosted-replay-policy	runtime/match.c	Retail probes on master-diamond (pre-cardinals ranked-anonymized, ICs/Sheik FoD): at frame -19 the mimic-driven Nana GuardOns off the ring-played trigger and vanilla-Passes a frame later; the shipped shield-drop-extended counter (8009A0B8 gecko) reads the shared UCF pad ring installed by the combined 'UCF Pad Buffer + 1.0 Cardinals' patch	Recordings that predate 1.0 cardinals never ran the shared pad ring, so the extended shield-drop counter branch cannot fire there; msl_ucf_pass_oos_stick_check now returns false when ucf_cardinals_1_0_enabled is off. Ungated, the port's always-live ring let Nana drop through FoD's platform off Popo's hot counter (master-diamond 103 -> 782 matched rows); aggregate-neutral elsewhere.
canonical:ucf-pad-ring-patch-profile-flags	hosted-replay-policy	runtime/match.c;runtime/wire.h;tools/validation/suite_io.py	Retail probes on master-diamond frame 682: Sheik's stick, held through hitlag after a flick that began on the hit frame, must not SDI - our f2 SDI emulation fired off the port ring (lstick1 0.325 below threshold, raw delta -78, x673=1) displacing her 6.0*stick during hitlag; eight aggregate replays conversely prove their consoles ran the ring patches while also predating 1.0 cardinals	The pad-ring UCF additions (f2 SDI, shield SDI, extended shield drop) are rollouts independent of both classic UCF 0.84 and 1.0 cardinals, so a cardinals-keyed gate is wrong in both directions; the extended shield drop now has its own wire/suite flag (ucf_shield_drop_extended_enabled) beside the existing sdi/shield-sdi flags, and the two ranked-anonymized icies captures carry all three false. Retired master-diamond's frame-682 fork (782 -> 6,186 matched rows, misc-only) and completed the extended suite: aggregate 271 = 203 pass / 68 classified / 0 fail.
canonical:mimic-ring-quantizer-signed-conversion	hosted-portability	melee/ft/chara/ftCommon/ftCo_0A01.c	ftCo_800B0918's inlineM0 quantizes the leader's sticks into u8 ring bytes; MWCC converts through fctiwz (signed, wrapping) and stores the low byte, but a direct float->u8 conversion of the negative half is undefined C - x86 wraps like retail while arm64 and wasm saturate to zero	Every leftward/downward stick and c-stick sample vanished from Nana's mimic ring on arm64/wasm hosts (live viewer: no wavedash mirror, no c-stick smash response); converting through s32 before the u8 store restores retail modulo semantics on every host. x86 container output bit-identical (aggregate 271 = 203/68/0 unchanged).
canonical:pikachu-thunder-vars-pointer-widening	hosted-portability	melee/ft/chara/ftPikachu/types.h::ftPikachu_MotionVars::speciallw;melee/ft/chara/ftPikachu/ftPk_SpecialLw.c	retail mv+0 thunder Item_GObj* whose enter-time zeroing and mv+4 strike flag both flow through specialhi.x0/x4 aliases (ftPk_SpecialLw_Enter/ftPk_SpecialAirLw_Enter, SetState_Unk0/Unk1, both SpecialLwLoop Anims)	Keeps the flag word at its source mv+4 alias position, moves the full-width host pointer past the aliased pair, and names the pointer's actual owner lane at the two enter-time zeroing sites, because a widened pointer at mv+0 places its high half under every specialhi.x4 write and misses the specialhi.x0 zeroing (the stale hosted slot crashed it_802B1FE8 on the first Thunder after any state that left floats in mv+8..15); PPC behavior is unchanged.
canonical:phantom-revisit-hit-gate	upstream-candidate	melee/ft/ftcoll.c::ftColl_80076ED8	GALE01 0x8007702C..0x80077030 branches found-in-victims_2 phantom-range contacts to the 0x80077444 return-false epilogue; probe dl-pika 40830 frame 3702 (two same-group Pikachu usmash grazes at coll_distance 0.0032/0.0092, retail returns 1 then 0, port returned 1 then 1)	Corrects the pinned nonmatching C's fall-through: a phantom-range contact whose victim is already registered in the hit group's phantom-victims list must return false instead of entering the full-hit path (the first phantom's inlineB0 registers the victim in every same-group hitbox), which converted a spent graze into a full same-frame hit one frame before retail's real overlap; the sibling item path ftColl_80077C60 already returns false there. Suitable for isolated upstream correction and matching work.
canonical:donkey-onload-attr-store-guard	hosted-portability	melee/ft/chara/ftDonkey/ftDk_Init.c::ftDk_Init_OnLoad	retail writes the three cargo-walk anim durations into the shared PlDk ftData ext-attr on every fighter load; GameData preload performs the first mutation before the native DAT arena seals read-only	Preserves source evaluation and PUSH order while skipping only the idempotent re-store during Match construction, matching the ftPe_Init_OnLoad precedent; PPC behavior is unchanged.
canonical:model-only-effect-bank	hosted-portability	platform/native_dat.c::msl_native_effect_bank;runtime/effects.c::msl_effect_load_bank	EfDkData.dat carries model effects only: both leading effDonkeyDataTable words are unrelocated NULLs and retail efAsync_LoadSync skips psInitDataBank when (file|name) is zero	Publishes an empty particle-command bank for model-only effect archives so generator lookups consume nothing, exactly like retail's absent bank; particle-backed banks are unchanged.
canonical:fighter-pose-table-dropout-resync	hosted-exactness	Runtime/fighter_pose.c;Runtime/fighter_pose.h	DK cargo-carry traces: dropping from the integer-frame pose-table fast path to fractional-rate decoding re-derived track time from a fractional absolute frame, 4 ULP off the source engine's incremental accumulation (native-only 1-4 ULP carry-bone pos forks vs bit-exact PPC/retail)	Records the last table-published integer frame and resyncs the decoder there with a dry walk so the following rate step reproduces classic incremental rounding bit-exactly; three DK replays became fully bit-exact.
canonical:anim-loop-wrap-fnmsubs	hosted-exactness	sysdolphin/baselib/aobj.c::HSD_FMod	GALE01 0x80364380 fnmsubs f1, f31, f1, f30 fuses the looped-anim wrap subtract	Preserves the fused rounding boundary for looping animation frame positions on both hosted backends.
canonical:capture-follow-fmadds	hosted-exactness	melee/ft/chara/ftCommon/ftCo_Attack100.c::ftCo_800DB464;melee/ft/chara/ftCommon/ftCo_Shouldered.c::ftCo_8009C640;melee/ft/chara/ftDonkey/ftDk_Init.c::ftDk_Init_8010DB3C	GALE01 0x800DB4B4/0x800DB4C8 hold-offset fmadds, 0x8009C684 escape-timer fmadds, 0x8010DC00 Hand Slap centering fmsubs	Ports the MWCC-fused capture-follow, shoulder-grab timer, and Hand Slap shockwave products; identity at current inputs (facing +/-1, unit scale) but retail-faithful boundaries for the cargo family.
canonical:throw-blend-and-walk-wrap-fmadds	hosted-exactness	melee/ft/fighter.c::Fighter_procUpdate;melee/ft/ftwalkcommon.c::ftWalkCommon_800DFEC8	GALE01 0x8006BC7C/0x8006BC90 fuse the throw-release velocity blend onto the xA4 base; 0x800E0010 fuses the walk-cycle wrap subtract (fnmsubs)	Ports the MWCC-fused throw-release blend and walk-tier anim wrap; identity at current corpus inputs, retail-faithful boundaries for the throw and cargo-walk families.
canonical:puff-rollout-fmadds	hosted-exactness	melee/ft/chara/ftPurin/ftPr_SpecialN.c	GALE01 0x80140934/48/64/78 fuse the Rollout edge-turn deceleration onto gr_vel; 0x8013E214-family fuses the charge-spin roll-angle step; 0x8013F8E8/0x8013FE7C the turn-spin step; 0x80141328-family the bounce-dust half-height	Ports all fourteen MWCC-fused Rollout sites (nine C sites); retired the 22-row DK-suite Rollout edge-turn speed family and one classified Puff entry (30 rows to bit-exact), and shrank rollout_ends_ys 64 to 2 and specials 849 to 817 rows.
canonical:pre-fusion-era-chara-fmadds	hosted-exactness	melee/it/items/{itseakchain.c,itclimbersstring.c};melee/ft/chara/{ftPikachu,ftSeak,ftZelda,ftFox,ftPopo,ftNana}/*;melee/ft/ftcommon.c	per-TU asm audit (grep fmadds asm vs __fmadds src): 126 MWCC-fused sites unported in pre-fusion-era TUs -- Sheik chain link constraints (35), Ice Climbers belay string (28), Pikachu Quick Attack/Skull Bash/jolt spawns (18), Sheik needles/chain-charge/Vanish (12), Zelda Din spawn/Farore (7), Fox reflector turn (3), Ice Climbers squall/belay/spawns (11), and the common hitlag/nudge/grab-timer sites (12)	Ports every site with its retail instruction address; identity at current native corpus inputs (aggregate byte-stable) and retail-faithful boundaries for future coverage; PPC pool-residue-fed lanes shift where backend-specific residual inputs are inexact and their classified snapshots are re-recorded.
canonical:grab-accessory-fighter-kind-width	hosted-portability	melee/ft/chara/ftCommon/ftCo_Attack100.c::fn_800DA190	GALE01 Fighter begins with a 32-bit GObj pointer followed by kind at +4; the hosted Fighter widens that leading pointer while retaining the typed kind member	Reads fp->kind instead of treating a PPC-width raw word as the kind, restoring the retail Link/Samus/Young Link exclusion and making the 15,481-frame Samus contact case exact.
canonical:cpu-di-zero-knockback-command-init	hosted-portability	melee/ft/chara/ftCommon/ftCo_0A01.c::ftCo_800AC5A0	GALE01 0x800AC5A0 inherits caller-register bytes when the pre-ProcessHit knockback vector is too small to assign CPU-DI direction; the focused retail recording carries neutral while hosted C consumed arbitrary uninitialized stack bytes	Initializes the enqueued direction to neutral on the otherwise undefined path; native and PPC retain only classified item residue with no Ice Climbers follower, physics, or render mismatch.
canonical:native-release-inline-fmadds	hosted-architecture	MetroTRK/intrinsics.h;platform/compat.h;runtime/math.c;Makefile	The source-authored __fmadds sites name one scalar-single fused operation, but native O0 translation units otherwise call the shared five-byte wrapper at every site	Native release emits __builtin_fmaf directly under the same FMA target contract; debug, Python, Wasm, and PPC retain the out-of-line owner. All 366 native locks/classifications pass and adjacent old-domain throughput returns within normal comparison variance.
canonical:curriculum-cross-process-relocation	hosted-portability	sysdolphin/baselib/gobjinit.c;melee/lb/types.h	refs/melee source GObj destructor array and lbcommand nested return/count stack, plus cold saved-state continuation	Registers destructor callbacks with the existing pointer-array owner and exposes all six ColorOverlay return/count pointer aliases to generated Fighter/Item relocation metadata without changing source layout or gameplay.
canonical:yoshi-current-upstream-source	source-expansion	melee/ft/chara/ftYoshi;melee/it/items/ityoshi{eggthrow,egglay,star,tongue}.c	doldecomp/melee 32420c5f464f211842120c186390a30868b793cd:src/melee/{ft,it}/kinds; Egg Roll matching commit 237b500ecab0281f3a4732bedae12c730f3f6533	Imports current Matching lifecycle, guard, special and article owners; preserves existing filenames, address-mapped symbol names, Fighter input/attribute member names and fv union ownership. Newly factored common state-transition helpers retain current source definitions; the star reflection helper is expanded at its source callsite.
canonical:yoshi-material-animation-exclusion	headless-policy	melee/ft/chara/ftYoshi/ftYs_Init.c::{ftYs_Init_8012B6E8,ftYs_Init_8012B804,ftYs_Init_OnLoad}	current upstream 32420c5f:ftyoshi.c; only material animation consumes ext_attr.xC	Excludes the DObj/MObj shield material-animation graph and its animation-duration mutation in hosted builds; guard hurtbox/collision geometry, source JObj pose and character/item state remain live.
canonical:yoshi-native-attribute-layout	hosted-portability	melee/ft/chara/ftYoshi/types.h	ftYs_SpecialS_8012DF8C/fn_8012E110 consume xEC..x110 floats; SpecialN getters establish x1C/x20 scalar ownership	Expose every reached egg-throw attribute as a typed float for native endian translation; the alternate source attribute view keeps x1C/x20 at scalar width instead of widening UNK_T pointers. One GameData attribute blob remains canonical.
canonical:yoshi-matching-stack-padding	hosted-portability	melee/ft/chara/ftYoshi/ftYs_SpecialS.c::ftYs_SpecialAirSLoop_2_Coll	upstream 32420c5f stack_pad_hack and GALE01 0x80132244 entry	Delete seven unused GET_FIGHTER(NULL) expressions used solely to influence MWCC stack padding; retail emits no null loads, while unoptimized GCC executes them.
canonical:yoshi-retail-fused-arithmetic	hosted-exactness	melee/ft/chara/ftYoshi/{ftYs_Guard.c,ftYs_SpecialS.c,ftYs_SpecialHi.c,ftYs_SpecialLw.c};melee/it/items/ityoshistar.c	GALE01 Egg Roll 19 single and seven double fused sites 8012FA14..80132770; guard 8012C73C; Egg Throw 8012E0A0/E0D8/E23C; star 8012E694/802B3304	Preserve each retail fmadds/fnmsubs/fmadd rounding boundary; double rotation/turn formulas retain the inner single product or division before the fused double operation and final float store.
canonical:yoshi-common-guard-alias	hosted-portability	melee/ft/chara/ftYoshi/types.h::ftYoshi_GuardVars	ftYs_Shield_8012C914 and ftYs_Init_8012BECC zero guard x20/x24; ftCo_800D8B9C consumes the same x24 dash-grab counter	Declare x1C as the common guard integer counter, not an opaque pointer, so native widening cannot move Yoshi zeroing past the common guard aliases. Fixes the false CatchDash at CarefreeDefenselessTermite frame 2339.
canonical:bowser-current-matching-source	upstream-completion	melee/ft/chara/ftKoopa;melee/it/items/itkoopaflame.c	upstream 32420c5f464f211842120c186390a30868b793cd Matching character/article call graphs	Preserve local filenames and address-identical names; merge lifecycle and SpecialS declarations into ftKp_Init.h. Adapt input fields and inline angle-wrap helpers without changing source operation order. Match-owned costume registry replaces the global array.
canonical:bowser-motion-word-aliases	hosted-portability	melee/ft/chara/ftKoopa/types.h::ftKoopa_State1Vars	ftKp_SpecialS and ftKp_SpecialN share mv+0/+4/+8/+C with ftKoopa_SpecialSVars	The unk1 x0/x8 words are integer flags/indices, never pointers; scalar declarations keep every source union alias at its correct position on 64-bit hosts.
canonical:bowser-flame-fused-arithmetic	hosted-exactness	melee/ft/chara/ftKoopa/ftKp_SpecialN.c;melee/it/items/itkoopaflame.c	GALE01 80134B18/80134B2C mouth offsets; 802ACDC4/802ACDE0 random speed/angle	Preserve the four MWCC scalar-single fused operations, retaining the preceding facing product and random draw order.
canonical:yoshi-unowned-item-observation	hosted-portability	runtime/scalar.c::item_var_source_byte;runtime/item_projection.h	ityoshieggthrow.c and ityoshistar.c never access xDD4; ityoshiegglay.c owns only leading float	Exclude unowned lanes from production output and fingerprints using the source payload mask; native forensic projection pins those bytes to zero rather than leaking widened pointers from a prior pool occupant. Strict replay comparison still records every difference from Slippi allocator residue.
canonical:yoshi-egg-damage-timer-fused-subtract	hosted-exactness	melee/ft/chara/ftCommon/ftCo_YoshiEgg.c::ftCo_800BC3D0	GALE01 800BC3F0 fnmsubs f0,f2,f1,f0	Damage shortens the captured fighter egg timer with one fused multiply-subtract; preserve that boundary for third-party and thrower attacks on the egg.
canonical:koopa-capture-mash-alias	hosted-portability	melee/ft/chara/ftCommon/types.h::capturekoopa	ftCo_800BC4A8/inlineA0 read and initialize mv+8 through Captain specialhi.vel.y while decrementing capturekoopa.x8; Whirling Fortress shares mv+C with walk.middle_anim_frame	The unused mv+4 word is scalar storage, not a pointer. Keep x8/xC/x10 at source widths so native victims exit the mash animation at the retail time and Bowser shares the common up-B timer correctly.
canonical:acos-gekkoseed-counterexample	hosted-exactness	runtime/math.c::acosf	GALE01 acosf uses __frsqrte followed by three ordered scalar-single Newton refinements; Bowser flame steering cases JuvenileRedGoshawk 3756 and MustyGummyLemur 5569	Remove the x86 rsqrtss substitution: its seed survives the rounded refinements in these inputs. The singular Gekko seed restores exact agreement with PPC and all 24,837 recorded frames.
canonical:stationary-root-constraint-invalidation	hosted-exactness	runtime/fighter_pose.c::msl_fighter_pose_set_root_position	Fighter_UnkApplyTransformation_8006C0F0 source root setter invalidates descendants on every publication; native/PPC trace CylindricalWryTarsier 855 shows stationary victim root with moving Bowser TransN2 target	Preserve constraint/IK subtree invalidation when root translation repeats; skip only redundant ordinary matrix products. Removes stale captured positions on Cylindrical and MildMurkyNewt without changing the flat canonical pose owner or native node size.
canonical:charged-smash-damage-fused-multiplier	hosted-exactness	melee/ft/ft_0DF0.c::ftCo_800DEEB8	GALE01 800DEEDC fmadds f0,f2,f0,f3 followed by separate base-damage fmuls	Preserve the charged damage multiplier rounding boundary; the unfused host expression loses one damage ULP on Bowser up-smash in CylindricalWryTarsier frame 6681, propagating into knockback.
canonical:yoshi-egg-native-motion-aliases	hosted-portability	melee/ft/chara/ftCommon/ftCo_YoshiEgg.c::ftCo_800BBED4	GALE01 800BC104 stores zero at fp+2348 and 800BC124/128 copies fp+2350 to fp+2354	Use the canonical yoshiegg.x8 timer and x10 duration instead of Captain/walk union aliases: the live yoshiegg.x0 pointer widens on native, moving subsequent members. Removes native-only 27-frame mash-animation cursor drift in ImpracticalScratchyMouse without changing PPC.
canonical:link-onload-attr-store-guard	hosted-portability	melee/ft/chara/ftLink/ftLk_Init.c::ftLk_Init_OnLoad;melee/ft/chara/ftCLink/ftCl_Init.c::ftCl_Init_OnLoad	retail writes the down-air bounce anim end frame into the shared PlLk/PlCl ftData ext-attr on every fighter load; GameData preload performs the first mutation before the native DAT arena seals read-only	Preserves source evaluation and PUSH order while skipping only the idempotent re-store during Match construction, matching the donkey-onload-attr-store-guard precedent; PPC behavior is unchanged.
canonical:sword-accessory-joint-identity	hosted-architecture	melee/ft/ftparts.c::ftParts_800753D4	retail copies the isolated sword-accessory joint to a stack local whose transient address becomes the loaded JObjs' HSD id key	Materializes the single-joint copy in the Match arena at fighter construction so its HSD id offset relocates across copy/save/restore; both accessory loads share one key exactly as retail's stack copy does, matching the ground.c get_jobj_inline precedent.
canonical:link-hookshot-attr-scratch-mirror	hosted-architecture	melee/it/items/itlinkhookshot.{c,h};melee/ft/chara/ftCommon/{ftCo_Attack100.c,ftCo_AirCatch.c};runtime/source_state.h	it_link_attr_math recomputes the x2C..x48 lanes of the hookshot article's special attributes in place at every spawn; the hosted native DAT arena is sealed read-only and shared across the batch	Routes every hookshot attribute access through a match-owned per-kind writable mirror seeded from the article on first use, matching the samus-grapple scratch-mirror precedent; PPC behavior is unchanged.
canonical:link-boomerang-attr-self-store	hosted-portability	melee/it/items/itlinkboomerang.c::{itLinkboomerang_UnkMotion1_Phys,itLinkboomerang_UnkMotion2_Phys,it_802A1CE4}	retail stores the boomerang deceleration attribute back to itself on every flight frame; the hosted native DAT arena is sealed read-only	Skips only the value-identical self-store; PPC behavior is unchanged.
canonical:link-datattrs-pointer-width	hosted-portability	melee/ft/chara/ftLink/types.h::ftLk_DatAttrs	retail keeps one ext-attr blob under two views; ftCo_Attack100.c's ftCo_LinkCatchAttrs types the x84..xA0 lanes as s32 while ftLk_DatAttrs typed x94/x9C/xA0 as UNK_T pointers, and the native DAT byte-swap layout derives from ftLk_DatAttrs, shifting every post-x94 lane away from the offsets the common-code view reads on the 64-bit host	Types the lanes with their integer meaning so both views of the blob agree in the native layout, matching the yoshi-datattrs-pointer-width precedent; PPC behavior is unchanged (identical bytes and offsets).
canonical:link-arrow-spread-table-pointer-width	hosted-portability	melee/it/items/itlinkarrow.c::itLinkarrow_UnkMotion4_Anim	retail reaches the stuck-arrow spread table by walking 23/31 4-byte words past the it_803F6A28 state-table symbol (0x803F6A84 sits 0x5C bytes later); host function pointers are wider, so the walk lands mid-pointer-array and reinterprets host pointer bytes as floats, writing NaN rotations that poison the arrow's hurt capsule (NaN defeats every capsule rejection test, producing phantom fighter-attack-vs-item connects)	Indexes it_803F6A84 directly in the hosted branch with the same fused draw the clean itLinkArrow_802A81C4 copy ports; PPC behavior is unchanged.
canonical:attack100-raw-offset-overlays	hosted-portability	melee/ft/chara/ftCommon/ftCo_Attack100.c::{fn_800D79B4,item-scope enters,fn_800D7BC4-family}	retail reaches fp+0x2340 motion-var lanes and the fp+0x65C held-input word by raw byte offsets (FighterOverlay/ItemScopeVars casts kept for PPC codegen); hosted Fighter widens earlier members so the walks land on unrelated lanes	Addresses the mv union base and the named held_inputs lane in the hosted branch; PPC keeps the retail casts and its behavior is unchanged.
canonical:link-spinattack-landing-lag-cast	hosted-portability	melee/ft/chara/ftLink/ftLk_SpecialHi.c::ftLk_SpecialAirHi_Coll	retail reads the spin-attack landing lag by casting the ext-attr blob to Fighter* and dereferencing facing_dir1 (fp+0x30), i.e. ftLk_DatAttrs::x30; hosted Fighter offsets differ, so the walk read an unrelated lane (0.5) and the landing anim ran at 60x, ending in one frame	Reads ftLk_DatAttrs::x30 directly in the hosted branch; PPC keeps the retail cast and its behavior is unchanged.
canonical:link-hookshot-chain-solver-gekko-rounding	hosted-exactness	melee/it/items/itlinkhookshot.c	GALE01 0x802A65AC/0x802A65B0 and 0x802A66AC/0x802A66B0 fmadds; 0x802A3CF8..0x802A3D38 frsqrte+fnmsub inline sqrtf (out-of-line body and every inlined copy); 32106 frame-1649 latched-hang probe (retail pos_y 0xc222c7bc / sv_y 0xc0087c9d vs hosted 0xc222c7bd / 0xc0087cad)	MWCC fuses the chain-solver segment/target length dot products and expands sqrtf as the Gekko frsqrte Newton sequence whose (3 - x*g*g) terms are fused fnmsubs; the libc correctly-rounded sqrtf and unfused sums differ by 1 ULP on knife-edge inputs, which the latched-hang self_vel feedback (self_vel += cur_pos - pos_2, a catastrophic cancellation) amplifies into the dominant offstage-fall residual family.
canonical:thrown-item-damage-gekko-rounding	hosted-exactness	melee/it/it_26B1.c::it_8026B1D4	GALE01 0x8026B218..0x8026B258 frsqrte+fnmsub inline sqrt and 0x8026B274 fmadds; redxlink 0221 frame-3019 damage trace (raw dmg 0x40c820c3 vs retail 0x40c820c4 onto 0 percent)	MWCC expands the thrown-item speed magnitude sqrt as the Gekko frsqrte Newton sequence with fused fnmsub terms and folds the speed-damage scale into one fmadds; the unfused host shapes shift every speed-scaled thrown-item damage by knife-edge ULPs that persist in the victim percent lane.
canonical:lbvector-cosangle-gekko-rounding	hosted-exactness	melee/lb/lbvector.c::lbVector_CosAngle	GALE01 0x8000DCCC..0x8000DD9C frsqrte+fnmsub norms and 0x8000DD9C fmadds dot; behavior-neutral at the current corpus (links 54/6 and aggregate 342+84/0 unchanged)	MWCC expands both vector norms as the Gekko frsqrte Newton sequence with fused fnmsub terms and fuses the dot product accumulation; callers branch on the exact quotient (the Link boomerang mirror-vs-turn deflection gate), so the correctly-rounded libc shape can fork knife-edge comparisons.
canonical:ucf-classic-shield-drop-version-flag	hosted-replay-policy	runtime/match.c;runtime/wire.h;tools/validation/suite_io.py	Retail probe on marth WingedGorgeousPanther frames 9787..9795 (Falco on the frozen Stadium main floor, floor.index 34, floor.flags 0): the vanilla spot-dodge gate passes (x671 3 < x318 4, lstick -0.6875/-0.7125, L held) and ftCo_80099894 is entered, yet Wait_IASA continues into ftCo_80091A4C and the frame ends in GuardOn. The replay's embedded gecko list carries the UCF 0.8 shield drop (External/UCF 0.8/Logic/UCF SD.asm, 304 bytes at 800998A4), whose suppress path unwinds to the caller's li r3,0 with no platform test - not the 0.84 code (200 bytes; floor.index != -1 and floor.flags & 0x100) the hosted projection modeled	The classic shield drop is itself two rollouts: ucf_shield_drop_084_enabled (MslCoreMatchConfig 53 -> 54 bytes) selects the 0.84 platform-gated integer rim test; off selects the 0.8 float rim test (unfused fmuls/fsubs/fctiwz, >= 1.0, x670 > 3, lstick.y > -0.8) on every floor. A scan of every validation replay's embedded gecko list finds 16 recordings with the 0.8 code (each also predates the rest of the 0.84 bundle), flagged in their suites. WingedGorgeousPanther 9,915 -> 10,625 and peach ScaryFrankPorcupine 26,806 -> 26,844 exact, both classifications retired; every other aggregate replay unchanged (native 429 pass / 63 classified / 0 fail).
canonical:counter-shield-item-deflect-normal-sign	upstream-candidate	melee/ft/ftcoll.c::ftColl_80077688	GALE01 0x80077818..0x8007782C: fcmpo pos->x,0; cror eq,gt,eq; bne -> fneg, i.e. xC58.x = +cos(x2D0) when pos->x >= 0 and -cos otherwise; links slippi-games-2025-05 frame-4185 trace (Young Link boomerang into Marth's Counter, ftColl_80077688 pos.x 0.9563, hosted mirror normal (-0.1736,0.9848) vs the recording's (+0.1736,0.9848), 5,275 -> 5,375/5,375 exact)	The upstream decomp swaps the two arms, so a projectile that hits a counter shield (x221B_b1) is mirrored into the counter's side instead of away from it; the residual filed as link-boomerang-deflect-fork was this sign, not a Yoshi's Story surface deflect. Suitable for an isolated upstream correction with matching work.
canonical:fountain-platform-replay-publication-phase	hosted-replay-policy	runtime/scalar.c::apply_replay_stage_events;melee/gr/grizumi.c::grIzumi_801CC358;platform/slippi.c	Slippi's SendFountainInfo.asm hooks 0x801CC998 inside grIzumi_801CC358, the priority-4 stage proc grIzumi_801CBCE8 registers (after Fighter_8006A360 at priority 1, before Fighter_procMap at 6); links slippi-2025-08 frame-3503 trace: ftCo_800DDDE4's release resolve snapped the thrown Fox onto Fountain's rising platform at the frame's new height (6.3376) where retail used the previous height (6.2251), the constant +0.1125 pos_y offset filed as thrown-release-pose-offset	The recorded platform height was published at frame start, one scheduler phase before retail's own publication, so every mid-frame floor resolve in the fighter anim phase (throw and grab releases) saw the platform early. The priority-4 source callback's replay branch now owns the publication at retail's point; the frame-start publication and the applied-mask machinery are deleted. Four aggregate entries turned exact: links slippi-2025-08 (thrown-release-pose-offset), links slippi-games-2025-05 (with the counter-normal row), ganon 24891 (FoD throw-release dolphin-ulp-motion-profile), yoshi slippi-2025-02 (fod-release-floor-pick); every other replay unchanged (native 429 pass / 59 classified / 0 fail).
canonical:accessory-flat-pose-insertion	hosted-architecture	melee/ft/ftparts.c::ftParts_800753D4;runtime/fighter_pose.c::msl_fighter_pose_insert_joint	Link/Young Link OnLoad inserts sword part 68/72 under part 67/71 after the costume trees exist; source descriptor mode 0 wraps the existing children	Insert each accessory into the canonical pose preorder at construction, republish shifted node pointers and repair parent spans/ECB indices; Wasm binds the source part id. Preserves dev flat traversal and pose-owned part flags without a generic accessory fallback. Mixed article-pool and arbitrary-index restore regressions cover the combined representation.
canonical:yoshi-no-aobj-frame-publication	hosted-exactness	melee/ft/ftanim.c::ftAnim_8006F3DC;msl_costume_matanim_end_frame	GALE01 8006F468 no-AObj fallthrough retains f1 from HSD_AObjInterpretAnim trailing material end-frame load at 803642C0; incoming Yoshi retail probes establish 100.0 for trackless GuardHold	Derive the end frame from immutable costume MatAnimJoint data for hosted no-animation publication; keep dev newer matched Yoshi callbacks and headless material omission. Resolves seven whole-replay animation-cursor classifications and 42 of 43 rows in ClumsyImaginaryOkapi; native/PPC snapshots agree.
canonical:common-motion-scalar-lane-layout	hosted-portability	melee/ft/chara/ftCommon/types.h::ftCommon_MotionVars::{damage,fighterthrow,yoshiegg}	Incoming retail probe: Damage entry byte write at mv+19 (8008DE10) aliases Yoshi guard countdown; scalar damage x14 also aliases fighterthrow self_vel_x	Keep unnamed damage words and all overlapping scalar lanes at source width. Store the live fighterthrow victim and yoshiegg owner pointers after their aliased scalar regions, using their named members on every backend. Generated relocation owns the full pointers; no synchronized pointer copy is introduced.
canonical:camera-sdk-view-arithmetic	hosted-exactness	runtime/camera.c;platform/dolphin_mtx.c	GALE01 C_MTXLookAt 0x803427E8..2804/2834..2850/2880..289C; roll2upvec 0x80368CD8..DE4; SDK PSMTXMultVecSR paired-single operations	Round all LookAt translation products before addition, use source roll predicate/sqrt, and fuse MultVecSR Z over rounded X/Y; two native screen-KO replays become exact, five others improve. Later camera-pan and MSL builtin corrections close the remaining native/PPC camera residuals.
canonical:fountain-replay-temporal-machine	hosted-replay-policy	melee/gr/grizumi.c::grIzumi_801CC358;runtime/scalar.c	Retail auto-DK frame 8645 grIzumi_801CC3FC timer draw before rope gravity; SendFountainInfo 0x801CC998	Run the existing source FSM before recorded-height publication; delete the early-return temporal bypass and synthetic construction-only draw helper/hook. Closes Samus rope and Sheik needle RNG divergences with no extra state.
canonical:wait-entry-item-teardown	source-expansion	melee/ft/ft_08A1.c::ft_8008A348	GALE01 0x8008A3E0; retail icies23549 frame 2076 Wait entry calls it_802BDB94	Restore source DownSpot, hammer and Peach live-parasol checks whose callees are admitted; remove the obsolete hosted guard and redundant air-to-ground conversion. Closes the one-frame parasol lifetime exception.
canonical:fd-source-stage-lifecycle	source-completion	melee/gr/grlast.c;runtime/scalar.c;melee/gr/ground.c	Pinned grLast callbacks; GALE01 controller state at -40/-39 and 12790..12810; gm_16AE.c::fn_8016B7F8 Ready callback	Delete the manual FD construction/angular controller; retain source background animation and actor lifetimes, OnStart at Ready, typed start-callback nodes and fog. Unsupported Boss/Event progression, Bob-omb rain and trophy spawners remain outside the admitted versus domain.
canonical:ground-color-state-ownership	hosted-portability	melee/gr/types.h;melee/gr/grmaterial.c;melee/gr/grdatfiles.c;melee/gr/grbattle.c;platform/native_dat.c	Completed upstream 64fccd19 Ground.color_overlay; source grGroundParam palette writes and FD/Battlefield command-pointer parameters	Replace the misidentified Ground +0x40 vectors with canonical ColorOverlay; name typed color-command pointers and give each Match the sole mutable stage-parameter instance. The shared DAT remains immutable.
canonical:stage-animation-packed-arrays	hosted-portability	platform/native_dat.c;tools/build/native_dat_types.c;tools/build/generate_native_dat_layout.py	GALE01 grAnime_801C7C1C direct part indexing at 801C7CB8/7D04/7D4C; all 166 supported-stage descriptor arrays match packed joint-tree extents	Pre-register contiguous native AnimJoint/MatAnimJoint/ShapeAnimJoint ranges before translating linked nodes, preserving both direct indexing and graph aliases. Previously only the root allocation was contiguous.
canonical:stage-callback-flag-words	hosted-portability	melee/gr/types.h::StageCallbacks;melee/gr/ground.c	Stage callback tables initialize PPC numeric flags 0x80000000/0x40000000/0x20000000; Ground fog/light/camera selectors consume those bits	Delete native byte-bitfield aliases and read explicit numeric masks. Restores authored fog color, whose equality rejection loop changes FD background RNG timing.
canonical:dreamland-source-temporal-machine	hosted-replay-policy	melee/gr/groldpupupu.c;runtime/scalar.c	grOldPupupu_802113E0 source idle/blink/turn/blow callbacks; SendDreamlandInfo.asm 0x80211BF8	Retain the complete source FSM and force-emitter timer before recorded direction publication. Removes the early-return replay bypass and synthetic counter, resolving blizzard and needle RNG gates.
canonical:whispy-dead-fighter-vote	hosted-replay-policy	melee/ft/ftlib.c::ftLib_800864A8;runtime/match.c;runtime/wire.h;tools/validation/native.c	Slippi Online/Core/WhispyBlowDirFix/WhispyBlowDirFix.asm 0x8008653C; retail Puff third-turn probe at 3327; all 85 Dream Land embedded hook profiles	The explicit immutable config capability skips motion_id <= 0xB after the source bone query and before the side vote, so dead fighters neither bias direction nor cause a tie RNG draw. RL and viewer constructors use current Slippi rules; captured execution profiles select the replay rule.
canonical:camera-pan-depth-fmadds	hosted-exactness	melee/cm/camera.c::Camera_8002A0C0	GALE01 8002A230/8002A234 fmadds; Aardvark transform inputs at 80029C88 match all 14 fields on both copies for 1035..1054	Fuse the two depth-dependent pan factors, removing translation rounding before CObj eye/interest publication. Closes Guanaco and Aardvark and Hornet screen-KO position residuals without changing tracking state or schedule.
canonical:aerial-turn-yaw-fnmsubs	hosted-exactness	melee/ft/chara/ftCommon/ftCo_JumpAerial.c::ft_800CB6EC	GALE01 800CB76C fnmsubs; Puff JumpAerialF2 root-yaw discrepancy precedes ECB/wall projection	Fuse the degree-scaled aerial-turn step with the old root yaw while preserving the source dirty-matrix publication. Resolves two Puff wall episodes and SmugConfusedTermite without modifying collision arithmetic.
canonical:side-special-momentum-fmadds	hosted-exactness	melee/ft/chara/ftCommon/ftCo_SpecialS.c::doEnter	GALE01 8009661C fmuls, 80096620 fneg, 80096624 fmadds; ElatedWearyTermite input gr_vel already diverges before the common friction callback	Round the negative momentum product, then fuse its ground-friction scale and old velocity. Closes Fox and Young Link side-special startup velocity rows on Fountain slopes.
canonical:msl-trig-builtin-ownership	hosted-exactness	Makefile PPC/Wasm MSL trigf and runtime math profiles	PPC tanf object previously called libc sincosf; source MSL sinf/cosf calls restored by no-builtin policy already used on native	Prevent compiler replacement of source trigonometric calls with libc combined functions. Removes all hosted PPC screen-KO camera residuals without changing arithmetic or canonical state.
canonical:stationary-transformed-line-queries	hosted-exactness-performance	melee/mp/mplib.c::mpRemap2d,mpLib_LineRangeIntersects	Source mpRemap2d 8004DC50..DD90 zero endpoint displacement; completed FD binding retains CollJoint_B8 even while stationary	Preserve all stage bindings/flags/epochs and specialize finite nondegenerate stationary remapping. Extend the existing conservative wall/ceiling AABB rejection to stationary transformed lines; moving and degenerate lines retain exact source queries. All 529 current output locks are unchanged.
canonical:mewtwo-shadowball-immutable-attrs	hosted-portability	melee/it/items/itmewtwoshadowball.c::it_802C519C	GALE01 0x802C519C..0x802C53F0; native forward-throw crash at self-assignment	Remove the decomp self-assignment eliminated by retail MWCC; shared DAT attributes stay read-only.
canonical:gamewatch-chef-attribute-pointer	hosted-portability	melee/it/itCharItems.h::itGamewatchchef_ItemVars	it_8027CE64 writes the common attribute pointer after it_802C84A0 initializes the trajectory index	Type the shared x0 pointer so native widening preserves the following x4 trajectory index; retail offsets are unchanged.
canonical:recorded-cpu-input	hosted-replay-policy	melee/ft/fighter.c::Fighter_Spaghetti_8006AD10;platform/slippi.c	Slippi Playback/Core/RestoreGameFrame.asm at 0x8006B0DC and Recording/SendGamePreFrame.asm	Publishes exact recorded CPU processed inputs before source input edges/timers while preserving CPU slot ownership, AI callbacks and UCF exclusion. Validation also supplies the recorded pre-input RNG observation; playback itself restores RNG only under its resync gate. No position or action resynchronization.
